{"cameraMode":{"drawMode":0,"name":"Shaded","section":"Shading Mode"},"sceneLighting":false,"audioPlay":false,"sceneViewState":{"showFog":true,"showMaterialUpdate":true,"showSkybox":true,"showFlares":true,"showImageEffects":true,"showParticleSystems":true},"in2DMode":false,"pivot":{"x":-2.380000114440918,"y":6.059999942779541,"z":0.0},"rotation":{"x":0.06464428454637528,"y":0.060738347470760348,"z":-0.0039419629611074928,"w":0.9960504174232483},"size":2.299664258956909,"orthographic":false}